{"cameraMode":{"drawMode":0,"name":"Shaded","section":"Shading Mode"},"sceneLighting":false,"audioPlay":false,"sceneViewState":{"m_AlwaysRefresh":false,"showFog":true,"showSkybox":false,"showFlares":true,"showImageEffects":true,"showParticleSystems":true,"showVisualEffectGraphs":true,"m_FxEnabled":true},"in2DMode":false,"pivot":{"x":0.0458655059337616,"y":0.44896399974823,"z":-0.009761497378349305},"rotation":{"x":0.04706103727221489,"y":-0.03426137566566467,"z":-0.0015464404132217169,"w":-0.9983581304550171},"size":0.765493631362915,"orthographic":false}