{"cameraMode":{"drawMode":0,"name":"Shaded","section":"Shading Mode"},"sceneLighting":false,"audioPlay":false,"sceneViewState":{"m_AlwaysRefresh":false,"showFog":true,"showSkybox":false,"showFlares":true,"showImageEffects":true,"showParticleSystems":true,"showVisualEffectGraphs":true,"m_FxEnabled":true},"in2DMode":false,"pivot":{"x":0.003050565719604492,"y":0.42306259274482729,"z":0.00002855062484741211},"rotation":{"x":-0.159266397356987,"y":-0.15595994889736176,"z":0.0254889614880085,"w":-0.974509596824646},"size":1.2806756496429444,"orthographic":true}