{"cameraMode":{"drawMode":0,"name":"Shaded","section":"Shading Mode"},"sceneLighting":false,"audioPlay":false,"sceneViewState":{"m_AlwaysRefresh":false,"showFog":true,"showSkybox":false,"showFlares":true,"showImageEffects":true,"showParticleSystems":true,"showVisualEffectGraphs":true,"m_FxEnabled":true},"in2DMode":false,"pivot":{"x":-0.15966558456420899,"y":1.8245635032653809,"z":0.3450155258178711},"rotation":{"x":0.19953088462352754,"y":0.7107818126678467,"z":-0.2230355143547058,"w":0.6366769671440125},"size":2.7872471809387209,"orthographic":false}