{"cameraMode":{"drawMode":0,"name":"Shaded","section":"Shading Mode"},"sceneLighting":false,"audioPlay":false,"sceneViewState":{"m_AlwaysRefresh":false,"showFog":true,"showSkybox":false,"showFlares":true,"showImageEffects":true,"showParticleSystems":true,"showVisualEffectGraphs":true,"m_FxEnabled":true},"in2DMode":false,"pivot":{"x":0.012788534164428711,"y":2.8321335315704347,"z":0.011542558670043946},"rotation":{"x":-0.010733106173574925,"y":-0.4467816948890686,"z":0.0053670150227844719,"w":-0.8945751190185547},"size":2.9104971885681154,"orthographic":true}