{"cameraMode":{"drawMode":0,"name":"Shaded","section":"Shading Mode"},"sceneLighting":false,"audioPlay":false,"sceneViewState":{"m_AlwaysRefresh":false,"showFog":true,"showSkybox":false,"showFlares":true,"showImageEffects":true,"showParticleSystems":true,"showVisualEffectGraphs":true,"m_FxEnabled":true},"in2DMode":false,"pivot":{"x":-0.35938137769699099,"y":0.5022519826889038,"z":1.1499323844909669},"rotation":{"x":0.06262535601854325,"y":-0.10251303762197495,"z":0.006466919556260109,"w":0.9927379488945007},"size":2.6042120456695558,"orthographic":false}