{"cameraMode":{"drawMode":0,"name":"Shaded","section":"Shading Mode"},"sceneLighting":false,"audioPlay":false,"sceneViewState":{"m_AlwaysRefresh":false,"showFog":true,"showSkybox":false,"showFlares":true,"showImageEffects":true,"showParticleSystems":true,"showVisualEffectGraphs":true,"m_FxEnabled":true},"in2DMode":false,"pivot":{"x":0.0018123388290405274,"y":0.6006252765655518,"z":0.0897517204284668},"rotation":{"x":0.20052026212215424,"y":0.3698033392429352,"z":-0.0820733979344368,"w":0.903496265411377},"size":1.8047189712524415,"orthographic":true}