{"cameraMode":{"drawMode":0,"name":"Shaded","section":"Shading Mode"},"sceneLighting":false,"audioPlay":false,"sceneViewState":{"m_AlwaysRefresh":false,"showFog":true,"showSkybox":false,"showFlares":true,"showImageEffects":true,"showParticleSystems":true,"showVisualEffectGraphs":true,"m_FxEnabled":true},"in2DMode":false,"pivot":{"x":-0.04163872450590134,"y":0.26480332016944888,"z":-0.20503652095794679},"rotation":{"x":0.10657459497451782,"y":0.8869523406028748,"z":-0.2564539909362793,"w":0.36920610070228579},"size":1.2534664869308472,"orthographic":false}