{"cameraMode":{"drawMode":0,"name":"Shaded","section":"Shading Mode"},"sceneLighting":false,"audioPlay":false,"sceneViewState":{"m_AlwaysRefresh":false,"showFog":true,"showSkybox":false,"showFlares":true,"showImageEffects":true,"showParticleSystems":true,"showVisualEffectGraphs":true,"m_FxEnabled":true},"in2DMode":false,"pivot":{"x":-0.0011849403381347657,"y":0.10969714820384979,"z":1.1920928955078126e-7},"rotation":{"x":0.10703674703836441,"y":-0.8909230828285217,"z":0.27852627635002139,"w":0.34238067269325259},"size":1.657845139503479,"orthographic":true}