{"cameraMode":{"drawMode":0,"name":"Shaded","section":"Shading Mode"},"sceneLighting":false,"audioPlay":false,"sceneViewState":{"m_AlwaysRefresh":false,"showFog":true,"showSkybox":false,"showFlares":true,"showImageEffects":true,"showParticleSystems":true,"showVisualEffectGraphs":true,"m_FxEnabled":true},"in2DMode":false,"pivot":{"x":0.13888239860534669,"y":1.1933108568191529,"z":-0.23409360647201539},"rotation":{"x":-0.15261484682559968,"y":-0.12681224942207337,"z":0.019749803468585016,"w":-0.9799255728721619},"size":1.2320457696914673,"orthographic":true}