{"cameraMode":{"drawMode":0,"name":"Shaded","section":"Shading Mode"},"sceneLighting":true,"audioPlay":false,"sceneViewState":{"m_AlwaysRefresh":false,"showFog":true,"showSkybox":true,"showFlares":true,"showImageEffects":true,"showParticleSystems":true,"showVisualEffectGraphs":true,"m_FxEnabled":true},"in2DMode":false,"pivot":{"x":931.9129638671875,"y":840.5693359375,"z":1794.3619384765625},"rotation":{"x":-0.016499128192663194,"y":-0.005999173037707806,"z":-0.00009909395157592371,"w":0.9998483657836914},"size":1691.1971435546875,"orthographic":false}