{"cameraMode":{"drawMode":0,"name":"Shaded","section":"Shading Mode"},"sceneLighting":true,"audioPlay":false,"sceneViewState":{"m_AlwaysRefresh":false,"showFog":true,"showSkybox":true,"showFlares":true,"showImageEffects":true,"showParticleSystems":true,"showVisualEffectGraphs":true,"m_FxEnabled":true},"in2DMode":false,"pivot":{"x":629.7421264648438,"y":834.8575439453125,"z":100.53639221191406},"rotation":{"x":-0.009448655880987645,"y":0.6809495091438294,"z":-0.008777936920523644,"w":-0.7322764992713928},"size":392.3216552734375,"orthographic":true}