{"cameraMode":{"drawMode":0,"name":"Shaded","section":"Shading Mode"},"sceneLighting":true,"audioPlay":false,"sceneViewState":{"m_AlwaysRefresh":false,"showFog":true,"showSkybox":true,"showFlares":true,"showImageEffects":true,"showParticleSystems":true,"showVisualEffectGraphs":true,"m_FxEnabled":true},"in2DMode":false,"pivot":{"x":0.4363160729408264,"y":4.040787220001221,"z":-5.933455467224121},"rotation":{"x":0.2729220390319824,"y":0.08416597545146942,"z":-0.023906059563159944,"w":0.9581056833267212},"size":8.100103378295899,"orthographic":true}