{"cameraMode":{"drawMode":0,"name":"Shaded","section":"Shading Mode"},"sceneLighting":false,"audioPlay":false,"sceneViewState":{"m_AlwaysRefresh":false,"showFog":true,"showSkybox":false,"showFlares":true,"showImageEffects":true,"showParticleSystems":true,"showVisualEffectGraphs":true,"m_FxEnabled":true},"in2DMode":false,"pivot":{"x":0.003544628620147705,"y":0.6449999809265137,"z":-0.019290685653686525},"rotation":{"x":0.0911921039223671,"y":0.8971670866012573,"z":-0.22047559916973115,"w":0.3718765377998352},"size":1.1171727180480958,"orthographic":false}