{"cameraMode":{"drawMode":0,"name":"Shaded","section":"Shading Mode"},"sceneLighting":false,"audioPlay":false,"sceneViewState":{"m_AlwaysRefresh":false,"showFog":true,"showSkybox":false,"showFlares":true,"showImageEffects":true,"showParticleSystems":true,"showVisualEffectGraphs":true,"m_FxEnabled":true},"in2DMode":false,"pivot":{"x":0.10896873474121094,"y":-5.418334007263184,"z":-0.033106327056884769},"rotation":{"x":-0.009838675148785115,"y":0.9868879914283752,"z":-0.06612156331539154,"w":-0.1470222771167755},"size":11.215066909790039,"orthographic":true}