{"cameraMode":{"drawMode":0,"name":"Shaded","section":"Shading Mode"},"sceneLighting":false,"audioPlay":false,"sceneViewState":{"m_AlwaysRefresh":false,"showFog":true,"showSkybox":false,"showFlares":true,"showImageEffects":true,"showParticleSystems":true,"showVisualEffectGraphs":true,"m_FxEnabled":true},"in2DMode":false,"pivot":{"x":0.09349000453948975,"y":1.777999997138977,"z":5.960464477539063e-8},"rotation":{"x":0.01016684528440237,"y":0.8529019951820374,"z":0.016638612374663354,"w":-0.5217358469963074},"size":2.19370698928833,"orthographic":true}