{"cameraMode":{"drawMode":0,"name":"Shaded","section":"Shading Mode"},"sceneLighting":false,"audioPlay":false,"sceneViewState":{"m_AlwaysRefresh":false,"showFog":true,"showSkybox":false,"showFlares":true,"showImageEffects":true,"showParticleSystems":true,"showVisualEffectGraphs":true,"m_FxEnabled":true},"in2DMode":false,"pivot":{"x":0.07212305068969727,"y":3.744917392730713,"z":-0.37596893310546877},"rotation":{"x":0.10657459497451782,"y":0.8869523406028748,"z":-0.2564539909362793,"w":0.36920610070228579},"size":12.131277084350586,"orthographic":false}