{"cameraMode":{"drawMode":0,"name":"Shaded","section":"Shading Mode"},"sceneLighting":false,"audioPlay":false,"sceneViewState":{"m_AlwaysRefresh":false,"showFog":true,"showSkybox":false,"showFlares":true,"showImageEffects":true,"showParticleSystems":true,"showVisualEffectGraphs":true,"m_FxEnabled":true},"in2DMode":false,"pivot":{"x":0.10334192216396332,"y":-0.024317514151334764,"z":-1.9258618354797364},"rotation":{"x":0.20247751474380494,"y":0.7342024445533752,"z":-0.24864007532596589,"w":0.5985416173934937},"size":8.1053466796875,"orthographic":false}