{"cameraMode":{"drawMode":0,"name":"Shaded","section":"Shading Mode"},"sceneLighting":false,"audioPlay":false,"sceneViewState":{"m_AlwaysRefresh":false,"showFog":true,"showSkybox":false,"showFlares":true,"showImageEffects":true,"showParticleSystems":true,"showVisualEffectGraphs":true,"m_FxEnabled":true},"in2DMode":false,"pivot":{"x":0.0037346482276916506,"y":0.2655453085899353,"z":0.01183241605758667},"rotation":{"x":-0.2368895560503006,"y":-0.04349182918667793,"z":0.010697763413190842,"w":-0.9705585241317749},"size":0.4849222004413605,"orthographic":false}