{"cameraMode":{"drawMode":0,"name":"Shaded","section":"Shading Mode"},"sceneLighting":false,"audioPlay":false,"sceneViewState":{"m_AlwaysRefresh":false,"showFog":true,"showSkybox":false,"showFlares":true,"showImageEffects":true,"showParticleSystems":true,"showVisualEffectGraphs":true,"m_FxEnabled":true},"in2DMode":false,"pivot":{"x":0.00037860870361328125,"y":0.7778721451759338,"z":-0.012901246547698975},"rotation":{"x":0.09392774105072022,"y":0.7167314291000366,"z":-0.09846363216638565,"w":0.6839699745178223},"size":1.405346155166626,"orthographic":true}