{"cameraMode":{"drawMode":0,"name":"Shaded","section":"Shading Mode"},"sceneLighting":false,"audioPlay":false,"sceneViewState":{"m_AlwaysRefresh":false,"showFog":true,"showSkybox":false,"showFlares":true,"showImageEffects":true,"showParticleSystems":true,"showVisualEffectGraphs":true,"m_FxEnabled":true},"in2DMode":false,"pivot":{"x":0.6053986549377441,"y":6.040862083435059,"z":1.0939984321594239},"rotation":{"x":-0.01426121685653925,"y":0.9012593626976013,"z":0.029752690345048906,"w":0.43202826380729678},"size":8.090675354003907,"orthographic":true}