{"cameraMode":{"drawMode":0,"name":"Shaded","section":"Shading Mode"},"sceneLighting":false,"audioPlay":false,"sceneViewState":{"m_AlwaysRefresh":false,"showFog":true,"showSkybox":false,"showFlares":true,"showImageEffects":true,"showParticleSystems":true,"showVisualEffectGraphs":true,"m_FxEnabled":true},"in2DMode":false,"pivot":{"x":0.000778496265411377,"y":0.48832765221595766,"z":-0.012025952339172364},"rotation":{"x":-0.19350016117095948,"y":-0.7265456914901733,"z":0.2271382212638855,"w":-0.6189525723457336},"size":1.6203194856643677,"orthographic":true}