{"cameraMode":{"drawMode":0,"name":"Shaded","section":"Shading Mode"},"sceneLighting":false,"audioPlay":false,"sceneViewState":{"m_AlwaysRefresh":false,"showFog":true,"showSkybox":false,"showFlares":true,"showImageEffects":true,"showParticleSystems":true,"showVisualEffectGraphs":true,"m_FxEnabled":true},"in2DMode":false,"pivot":{"x":0.015498518943786621,"y":0.2639998197555542,"z":0.01659214496612549},"rotation":{"x":0.3200307786464691,"y":0.4704875946044922,"z":-0.18829317390918733,"w":0.8005568385124207},"size":0.759905219078064,"orthographic":false}