{"cameraMode":{"drawMode":0,"name":"Shaded","section":"Shading Mode"},"sceneLighting":false,"audioPlay":false,"sceneViewState":{"m_AlwaysRefresh":false,"showFog":true,"showSkybox":false,"showFlares":true,"showImageEffects":true,"showParticleSystems":true,"showVisualEffectGraphs":true,"m_FxEnabled":true},"in2DMode":false,"pivot":{"x":-2.7793617248535158,"y":-0.010952569544315339,"z":-3.3558781147003176},"rotation":{"x":0.08861704915761948,"y":0.9111313819885254,"z":-0.2933153510093689,"w":0.27582117915153506},"size":4.846748352050781,"orthographic":false}