{"cameraMode":{"drawMode":0,"name":"Shaded","section":"Shading Mode"},"sceneLighting":false,"audioPlay":false,"sceneViewState":{"m_AlwaysRefresh":false,"showFog":true,"showSkybox":false,"showFlares":true,"showImageEffects":true,"showParticleSystems":true,"showVisualEffectGraphs":true,"m_FxEnabled":true},"in2DMode":false,"pivot":{"x":0.07004070281982422,"y":1.172393560409546,"z":-0.008332252502441407},"rotation":{"x":0.2568904161453247,"y":0.7138772010803223,"z":-0.3247239291667938,"w":0.5647558569908142},"size":5.099479675292969,"orthographic":true}