{"cameraMode":{"drawMode":0,"name":"Shaded","section":"Shading Mode"},"sceneLighting":false,"audioPlay":false,"sceneViewState":{"m_AlwaysRefresh":false,"showFog":true,"showSkybox":false,"showFlares":true,"showImageEffects":true,"showParticleSystems":true,"showVisualEffectGraphs":true,"m_FxEnabled":true},"in2DMode":false,"pivot":{"x":0.07189762592315674,"y":1.9868537187576295,"z":0.04577457904815674},"rotation":{"x":-0.035816337913274768,"y":0.0990789383649826,"z":-0.003561540972441435,"w":-0.9944398403167725},"size":2.288558006286621,"orthographic":true}