{"cameraMode":{"drawMode":0,"name":"Shaded","section":"Shading Mode"},"sceneLighting":false,"audioPlay":false,"sceneViewState":{"m_AlwaysRefresh":false,"showFog":true,"showSkybox":false,"showFlares":true,"showImageEffects":true,"showParticleSystems":true,"showVisualEffectGraphs":true,"m_FxEnabled":true},"in2DMode":false,"pivot":{"x":-0.3824195861816406,"y":3.8500001430511476,"z":-5.8899993896484379},"rotation":{"x":0.24055199325084687,"y":0.022421346977353097,"z":-0.005558446515351534,"w":0.9703637361526489},"size":12.12435531616211,"orthographic":true}