{"cameraMode":{"drawMode":0,"name":"Shaded","section":"Shading Mode"},"sceneLighting":false,"audioPlay":false,"sceneViewState":{"m_AlwaysRefresh":false,"showFog":true,"showSkybox":false,"showFlares":true,"showImageEffects":true,"showParticleSystems":true,"showVisualEffectGraphs":true,"m_FxEnabled":true},"in2DMode":false,"pivot":{"x":0.010838985443115235,"y":2.949216604232788,"z":-3.602346658706665},"rotation":{"x":0.0693121999502182,"y":0.7877854108810425,"z":-0.09019806981086731,"w":0.6053601503372192},"size":3.6541049480438234,"orthographic":true}