{"cameraMode":{"drawMode":0,"name":"Shaded","section":"Shading Mode"},"sceneLighting":false,"audioPlay":false,"sceneViewState":{"m_AlwaysRefresh":false,"showFog":true,"showSkybox":false,"showFlares":true,"showImageEffects":true,"showParticleSystems":true,"showVisualEffectGraphs":true,"m_FxEnabled":true},"in2DMode":false,"pivot":{"x":0.05230957269668579,"y":1.0585286617279053,"z":0.03561842441558838},"rotation":{"x":0.10657459497451782,"y":0.8869523406028748,"z":-0.2564539909362793,"w":0.36920610070228579},"size":1.5794517993927003,"orthographic":false}