{"cameraMode":{"drawMode":0,"name":"Shaded","section":"Shading Mode"},"sceneLighting":false,"audioPlay":false,"sceneViewState":{"m_AlwaysRefresh":false,"showFog":true,"showSkybox":false,"showFlares":true,"showImageEffects":true,"showParticleSystems":true,"showVisualEffectGraphs":true,"m_FxEnabled":true},"in2DMode":false,"pivot":{"x":-0.07357525825500488,"y":0.46064281463623049,"z":0.101559579372406},"rotation":{"x":0.2597185969352722,"y":0.21951420605182649,"z":-0.06078276410698891,"w":0.9384573698043823},"size":3.4218828678131105,"orthographic":true}