{"cameraMode":{"drawMode":0,"name":"Shaded","section":"Shading Mode"},"sceneLighting":false,"audioPlay":false,"sceneViewState":{"m_AlwaysRefresh":false,"showFog":true,"showSkybox":false,"showFlares":true,"showImageEffects":true,"showParticleSystems":true,"showVisualEffectGraphs":true,"m_FxEnabled":true},"in2DMode":false,"pivot":{"x":-0.09610962867736817,"y":1.0523072481155396,"z":0.043114662170410159},"rotation":{"x":0.040428366512060168,"y":-0.9270089268684387,"z":0.10473056137561798,"w":0.35784539580345156},"size":1.8774222135543824,"orthographic":true}