{"cameraMode":{"drawMode":0,"name":"Shaded","section":"Shading Mode"},"sceneLighting":false,"audioPlay":false,"sceneViewState":{"m_AlwaysRefresh":false,"showFog":true,"showSkybox":false,"showFlares":true,"showImageEffects":true,"showParticleSystems":true,"showVisualEffectGraphs":true,"m_FxEnabled":true},"in2DMode":false,"pivot":{"x":-0.008032232522964478,"y":0.3500000834465027,"z":0.0031243860721588136},"rotation":{"x":0.24810656905174256,"y":0.2161000519990921,"z":-0.05705207213759422,"w":0.9426621198654175},"size":0.49175024032592776,"orthographic":false}