{"cameraMode":{"drawMode":0,"name":"Shaded","section":"Shading Mode"},"sceneLighting":false,"audioPlay":false,"sceneViewState":{"m_AlwaysRefresh":false,"showFog":true,"showSkybox":false,"showFlares":true,"showImageEffects":true,"showParticleSystems":true,"showVisualEffectGraphs":true,"m_FxEnabled":true},"in2DMode":false,"pivot":{"x":-0.043315887451171878,"y":-4.764283180236816,"z":-0.020666122436523439},"rotation":{"x":-0.009838675148785115,"y":0.9868879914283752,"z":-0.06612156331539154,"w":-0.1470222771167755},"size":11.265069961547852,"orthographic":true}