{"cameraMode":{"drawMode":0,"name":"Shaded","section":"Shading Mode"},"sceneLighting":false,"audioPlay":false,"sceneViewState":{"m_AlwaysRefresh":false,"showFog":true,"showSkybox":false,"showFlares":true,"showImageEffects":true,"showParticleSystems":true,"showVisualEffectGraphs":true,"m_FxEnabled":true},"in2DMode":false,"pivot":{"x":-0.042504310607910159,"y":2.5057501792907717,"z":-0.00442582368850708},"rotation":{"x":-0.000006956988272577291,"y":0.6505566835403442,"z":0.000007883138096076436,"w":-0.7594767808914185},"size":2.6604607105255129,"orthographic":true}