{"cameraMode":{"drawMode":0,"name":"Shaded","section":"Shading Mode"},"sceneLighting":false,"audioPlay":false,"sceneViewState":{"m_AlwaysRefresh":false,"showFog":true,"showSkybox":false,"showFlares":true,"showImageEffects":true,"showParticleSystems":true,"showVisualEffectGraphs":true,"m_FxEnabled":true},"in2DMode":false,"pivot":{"x":0.08099794387817383,"y":-0.0288161039352417,"z":-0.10645484924316406},"rotation":{"x":0.060270730406045917,"y":0.5695184469223023,"z":-0.04195428639650345,"w":0.8187124133110046},"size":2.244676113128662,"orthographic":true}