{"cameraMode":{"drawMode":0,"name":"Shaded","section":"Shading Mode"},"sceneLighting":false,"audioPlay":false,"sceneViewState":{"m_AlwaysRefresh":false,"showFog":true,"showSkybox":false,"showFlares":true,"showImageEffects":true,"showParticleSystems":true,"showVisualEffectGraphs":true,"m_FxEnabled":true},"in2DMode":false,"pivot":{"x":-54.5897331237793,"y":0.42146527767181399,"z":-73.2940902709961},"rotation":{"x":-0.06081109121441841,"y":0.043610185384750369,"z":-0.002557775704190135,"w":-0.9972499012947083},"size":1.0623005628585816,"orthographic":false}