{"cameraMode":{"drawMode":0,"name":"Shaded","section":"Shading Mode"},"sceneLighting":false,"audioPlay":false,"sceneViewState":{"m_AlwaysRefresh":false,"showFog":true,"showSkybox":false,"showFlares":true,"showImageEffects":true,"showParticleSystems":true,"showVisualEffectGraphs":true,"m_FxEnabled":true},"in2DMode":false,"pivot":{"x":0.0031816959381103517,"y":0.11820703744888306,"z":-0.014813899993896485},"rotation":{"x":0.10703674703836441,"y":-0.8909230828285217,"z":0.27852627635002139,"w":0.34238067269325259},"size":0.9425656199455261,"orthographic":true}