{"cameraMode":{"drawMode":0,"name":"Shaded","section":"Shading Mode"},"sceneLighting":false,"audioPlay":false,"sceneViewState":{"m_AlwaysRefresh":false,"showFog":true,"showSkybox":false,"showFlares":true,"showImageEffects":true,"showParticleSystems":true,"showVisualEffectGraphs":true,"m_FxEnabled":true},"in2DMode":false,"pivot":{"x":0.012930989265441895,"y":0.09891074895858765,"z":-0.026602566242218019},"rotation":{"x":0.12076227366924286,"y":-0.731031060218811,"z":0.13415919244289399,"w":0.6580378413200378},"size":1.2305799722671509,"orthographic":true}