{"cameraMode":{"drawMode":0,"name":"Shaded","section":"Shading Mode"},"sceneLighting":false,"audioPlay":false,"sceneViewState":{"m_AlwaysRefresh":false,"showFog":true,"showSkybox":false,"showFlares":true,"showImageEffects":true,"showParticleSystems":true,"showVisualEffectGraphs":true,"m_FxEnabled":true},"in2DMode":false,"pivot":{"x":-0.08087301254272461,"y":0.8762545585632324,"z":0.09167623519897461},"rotation":{"x":0.060270730406045917,"y":0.5695184469223023,"z":-0.04195428639650345,"w":0.8187124133110046},"size":4.065906047821045,"orthographic":true}