{"cameraMode":{"drawMode":0,"name":"Shaded","section":"Shading Mode"},"sceneLighting":false,"audioPlay":false,"sceneViewState":{"m_AlwaysRefresh":false,"showFog":true,"showSkybox":false,"showFlares":true,"showImageEffects":true,"showParticleSystems":true,"showVisualEffectGraphs":true,"m_FxEnabled":true},"in2DMode":false,"pivot":{"x":0.00793468952178955,"y":1.0890001058578492,"z":0.00922393798828125},"rotation":{"x":0.0911921039223671,"y":0.8971670866012573,"z":-0.22047559916973115,"w":0.3718765377998352},"size":1.8862035274505616,"orthographic":false}