{"cameraMode":{"drawMode":0,"name":"Shaded","section":"Shading Mode"},"sceneLighting":false,"audioPlay":false,"sceneViewState":{"m_AlwaysRefresh":false,"showFog":true,"showSkybox":false,"showFlares":true,"showImageEffects":true,"showParticleSystems":true,"showVisualEffectGraphs":true,"m_FxEnabled":true},"in2DMode":false,"pivot":{"x":0.005523085594177246,"y":1.9868537187576295,"z":0.02196204662322998},"rotation":{"x":-0.03745076060295105,"y":0.04675683006644249,"z":-0.0017519842367619277,"w":-0.9982110261917114},"size":2.257474899291992,"orthographic":true}