{"cameraMode":{"drawMode":0,"name":"Shaded","section":"Shading Mode"},"sceneLighting":false,"audioPlay":false,"sceneViewState":{"m_AlwaysRefresh":false,"showFog":true,"showSkybox":false,"showFlares":true,"showImageEffects":true,"showParticleSystems":true,"showVisualEffectGraphs":true,"m_FxEnabled":true},"in2DMode":false,"pivot":{"x":-0.02454066276550293,"y":-4.141469955444336,"z":-0.24963712692260743},"rotation":{"x":-0.012623018585145474,"y":0.9873801469802856,"z":-0.11095103621482849,"w":-0.1124398335814476},"size":12.878021240234375,"orthographic":true}